Timestamp,Version,Input,Score,Duration_Sec,Parameters
2026-03-11 23:30:34,run_genetic_pizza,a_example,74,0.08,GEN=100 POP=100
2026-03-11 23:30:34,run_genetic_pizza,a_example,49,0.04,GEN=100 POP=100
2026-03-11 23:30:34,run_genetic_pizza,a_example,49,0.03,GEN=100 POP=100
2026-03-11 23:30:34,run_genetic_pizza,a_example,49,0.04,GEN=100 POP=100
2026-03-11 23:30:34,run_genetic_pizza,a_example,65,0.07,GEN=100 POP=100
2026-03-11 23:30:34,run_genetic_pizza,a_example,65,0.08,GEN=100 POP=100
2026-03-11 23:30:34,run_genetic_pizza,a_example,49,0.04,GEN=100 POP=100
2026-03-11 23:30:34,run_genetic_pizza,a_example,49,0.04,GEN=100 POP=100
2026-03-11 23:30:34,run_genetic_pizza,a_example,49,0.04,GEN=100 POP=100
2026-03-11 23:30:34,run_genetic_pizza,a_example,41,0.05,GEN=100 POP=100
2026-03-11 23:30:34,run_genetic_pizza,a_example,41,0.03,GEN=100 POP=100
2026-03-11 23:30:34,run_genetic_pizza,a_example,61,0.07,GEN=100 POP=100
2026-03-11 23:30:34,run_genetic_pizza,a_example,25,0.04,GEN=100 POP=100
2026-03-11 23:30:34,run_genetic_pizza,a_example,49,0.04,GEN=100 POP=100
2026-03-11 23:30:35,run_genetic_pizza,a_example,74,0.08,GEN=100 POP=100
2026-03-11 23:30:35,run_genetic_pizza,a_example,61,0.07,GEN=100 POP=100
2026-03-11 23:30:35,run_genetic_pizza,a_example,49,0.04,GEN=100 POP=100
2026-03-11 23:30:35,run_genetic_pizza,a_example,65,0.07,GEN=100 POP=100
2026-03-11 23:30:35,run_genetic_pizza,a_example,49,0.04,GEN=100 POP=100
2026-03-11 23:30:35,run_genetic_pizza,a_example,49,0.04,GEN=100 POP=100
2026-03-11 23:30:35,run_genetic_pizza,a_example,61,0.04,GEN=100 POP=100
2026-03-11 23:30:35,run_genetic_pizza,a_example,49,0.04,GEN=100 POP=100
2026-03-11 23:30:35,run_genetic_pizza,a_example,52,0.06,GEN=100 POP=100
2026-03-11 23:30:35,run_genetic_pizza,a_example,74,0.16,GEN=100 POP=100
2026-03-11 23:30:35,run_genetic_pizza,a_example,50,0.08,GEN=100 POP=100
2026-03-11 23:30:35,run_genetic_pizza,a_example,49,0.04,GEN=100 POP=100
2026-03-11 23:30:35,run_genetic_pizza,a_example,49,0.03,GEN=100 POP=100
2026-03-11 23:30:35,run_genetic_pizza,a_example,74,0.08,GEN=100 POP=100
2026-03-11 23:30:35,run_genetic_pizza,a_example,49,0.04,GEN=100 POP=100
2026-03-11 23:30:35,run_genetic_pizza,a_example,52,0.07,GEN=100 POP=100
2026-03-11 23:33:36,run_genetic_pizza,a_example,74,0.06,GEN=100 POP=100
2026-03-11 23:33:36,run_genetic_pizza,a_example,65,0.04,GEN=100 POP=100
2026-03-11 23:33:36,run_genetic_pizza,a_example,74,0.07,GEN=100 POP=100
2026-03-11 23:33:36,run_genetic_pizza,a_example,25,0.04,GEN=100 POP=100
2026-03-11 23:33:36,run_genetic_pizza,a_example,49,0.05,GEN=100 POP=100
2026-03-11 23:33:36,run_genetic_pizza,a_example,49,0.04,GEN=100 POP=100
2026-03-11 23:33:36,run_genetic_pizza,a_example,52,0.04,GEN=100 POP=100
2026-03-11 23:33:36,run_genetic_pizza,a_example,34,0.05,GEN=100 POP=100
2026-03-11 23:33:36,run_genetic_pizza,a_example,50,0.07,GEN=100 POP=100
2026-03-11 23:33:36,run_genetic_pizza,a_example,49,0.05,GEN=100 POP=100
2026-03-11 23:33:36,run_genetic_pizza,a_example,61,0.08,GEN=100 POP=100
2026-03-11 23:33:36,run_genetic_pizza,a_example,25,0.04,GEN=100 POP=100
2026-03-11 23:33:36,run_genetic_pizza,a_example,25,0.04,GEN=100 POP=100
2026-03-11 23:33:36,run_genetic_pizza,a_example,34,0.05,GEN=100 POP=100
2026-03-11 23:33:36,run_genetic_pizza,a_example,41,0.05,GEN=100 POP=100
2026-03-11 23:33:36,run_genetic_pizza,a_example,49,0.05,GEN=100 POP=100
2026-03-11 23:33:36,run_genetic_pizza,a_example,50,0.04,GEN=100 POP=100
2026-03-11 23:33:36,run_genetic_pizza,a_example,65,0.09,GEN=100 POP=100
2026-03-11 23:33:37,run_genetic_pizza,a_example,52,0.09,GEN=100 POP=100
2026-03-11 23:33:37,run_genetic_pizza,a_example,49,0.05,GEN=100 POP=100
2026-03-11 23:33:37,run_genetic_pizza,a_example,52,0.04,GEN=100 POP=100
2026-03-11 23:33:37,run_genetic_pizza,a_example,41,0.04,GEN=100 POP=100
2026-03-11 23:33:37,run_genetic_pizza,a_example,74,0.08,GEN=100 POP=100
2026-03-11 23:33:37,run_genetic_pizza,a_example,61,0.07,GEN=100 POP=100
2026-03-11 23:33:37,run_genetic_pizza,a_example,32,0.04,GEN=100 POP=100
2026-03-11 23:33:37,run_genetic_pizza,a_example,52,0.1,GEN=100 POP=100
2026-03-11 23:33:37,run_genetic_pizza,a_example,25,0.07,GEN=100 POP=100
2026-03-11 23:33:37,run_genetic_pizza,a_example,49,0.05,GEN=100 POP=100
2026-03-11 23:33:37,run_genetic_pizza,a_example,45,0.1,GEN=100 POP=100
2026-03-11 23:33:37,run_genetic_pizza,a_example,65,0.09,GEN=100 POP=100
